{
  "type": "FeatureCollection",
  "features": [
    {
      "type": "Feature",
      "properties": {
        "name": "Best Western Plus Launceston",
        "description": "4-star hotel",
        "address": "3 Earl St\nLaunceston TAS 7250\nAustralia",
        "hours": "Open 24/7\n\n",
        "phone_number": "61 3 6333 9999",
        "website": "https://bestwesternhotellaunceston.business.site/"
      },
      "geometry": {
        "type": "Point",
        "coordinates": [
          147.141705,
          -41.436
        ]
      }
    },
    {
      "type": "Feature",
      "properties": {
        "name": "The Glen Shopping Centre",
        "description": "Shopping mall",
        "address": "235 Springvale Rd\nGlen Waverley, VIC 3150\nAustralia",
        "hours": "Mon-Wed: 9:00 am – 5:30 pm\nThu-Fri: 9:00 am – 9:00 pm\nSat-Sun: 9:00 am – 5:00 pm",
        "phone_number": "61 3 9814 6000",
        "website": "https://www.theglen.com.au/"
      },
      "geometry": {
        "type": "Point",
        "coordinates": [
          145.165252,
          -37.876159
        ]
      }
    },
    {
      "type": "Feature",
      "properties": {
        "name": "Glenferrie Centre",
        "description": "Shopping mall",
        "address": "Glenferrie Centre\nHawthorn, VIC 3122\nAustralia",
        "hours": "Mon-Sun: 6:00 am – 10:00 pm",
        "phone_number": "",
        "website": ""
      },
      "geometry": {
        "type": "Point",
        "coordinates": [
          145.036324,
          -37.820669
        ]
      }
    },
    {
      "type": "Feature",
      "properties": {
        "name": "LetSave Convenience Store",
        "description": "Convenience store",
        "address": "8 Power St\nMelbourne, VIC 3006\nAustralia",
        "hours": "Mon-Thu: 7:00 am – 12:00 am\nFri-Sat: 7:00 am – 1:00 am\nSun: 8:00 am – 12:00 am",
        "phone_number": "61 3 9682 7722",
        "website": "letsave.com.au"
      },
      "geometry": {
        "type": "Point",
        "coordinates": [
          144.961104,
          -37.823403
        ]
      }
    },
    {
      "type": "Feature",
      "properties": {
        "name": "Box Hill Central",
        "description": "Shopping mall",
        "address": "1 Main St\nBox Hill, VIC 3128\nAustralia",
        "hours": "Mon-Wed: 9:00 am – 5:30 pm\nThu: 9:00 am – 7:00 pm\nFri: 9:00 am – 9:00 pm\nSat: 9:00 am – 5:00 pm\nSun: 10:00 am – 5:00 pm",
        "phone_number": "61 3 9843 3900",
        "website": "boxhillcentral.com.au"
      },
      "geometry": {
        "type": "Point",
        "coordinates": [
          145.122103,
          -37.819072
        ]
      }
    },
    {
      "type": "Feature",
      "properties": {
        "name": "Macaulay Cleanskins Wine",
        "description": "Wine store",
        "address": "478 Macaulay Rd\nKensington VIC 3031\nAustralia",
        "hours": "Mon-Sun: 12:00 pm – 10:30 pm",
        "phone_number": "",
        "website": ""
      },
      "geometry": {
        "type": "Point",
        "coordinates": [
          144.930062,
          -37.794256
        ]
      }
    },
    {
      "type": "Feature",
      "properties": {
        "name": "Meet Fresh Chinatown",
        "description": "Dessert restaurant",
        "address": "13 Goulburn Street\nSydney, Haymarket NSW 2000\nAustralia",
        "hours": "Sun-Thu: 11:00 am – 12:00 am\nFri-Sat: 11:00 am – 1:00 am",
        "phone_number": "",
        "website": ""
      },
      "geometry": {
        "type": "Point",
        "coordinates": [
          151.204044,
          -33.877687
        ]
      }
    },
    {
      "type": "Feature",
      "properties": {
        "name": "SNG Gaming Chatswood",
        "description": "Internet cafe",
        "address": "416 Victoria Ave\nChatswood NSW 2067\nAustralia",
        "hours": "Mon-Fri: 10:00 am – 12:00 am\nSat-Sun: 24h",
        "phone_number": "",
        "website": ""
      },
      "geometry": {
        "type": "Point",
        "coordinates": [
          151.185846,
          -33.800167
        ]
      }
    },
    {
      "type": "Feature",
      "properties": {
        "name": "Wynyard Circular Quay City Convenience",
        "description": "Convenience store",
        "address": "234 George St\nSydney 2000\nAustralia",
        "hours": "Open 24/7",
        "phone_number": "",
        "website": ""
      },
      "geometry": {
        "type": "Point",
        "coordinates": [
          151.207699,
          -33.863555
        ]
      }
    },
    {
      "type": "Feature",
      "properties": {
        "name": "City Convenience & BitRocket Bitcoin ATM",
        "description": "Convenience store",
        "address": "86 Liverpool Street\nSydney, NSW 2000\nAustralia",
        "hours": "Open 24/7",
        "phone_number": "",
        "website": ""
      },
      "geometry": {
        "type": "Point",
        "coordinates": [
          151.205639,
          -33.876188
        ]
      }
    },
    {
      "type": "Feature",
      "properties": {
        "name": "Postnet Bondi Junction",
        "description": "Commercial printer",
        "address": "422 Oxford St, Shop 1\nBondi Junction, NSW 2022\nAustralia",
        "hours": "Mon-Fri: 9:00 am – 5:30 pm\nSat: 10:30 am – 2:00 pm\nSun: Closed",
        "phone_number": "61 2 9389 4717",
        "website": ""
      },
      "geometry": {
        "type": "Point",
        "coordinates": [
          151.248309,
          -33.891688
        ]
      }
    },
    {
      "type": "Feature",
      "properties": {
        "name": "Skyview Shopping Plaza",
        "description": "Shopping mall",
        "address": "537-551 George St\nSydney, NSW 2000\nAustralia",
        "hours": "Mon-Fri: 8:30 am – 10:00 pm\nSat-Sun: 10:00 am – 10:00 pm",
        "phone_number": "",
        "website": ""
      },
      "geometry": {
        "type": "Point",
        "coordinates": [
          151.20585,
          -33.875734
        ]
      }
    },
    {
      "type": "Feature",
      "properties": {
        "name": "Lucky 7 Crystal Minimart",
        "description": "Convenience store",
        "address": "22 Crystal St\nWaterloo (Sydney), NSW 2017\nAustralia",
        "hours": "Mon-Sun: 6:00 am – 12:00 am",
        "phone_number": "",
        "website": ""
      },
      "geometry": {
        "type": "Point",
        "coordinates": [
          151.213093,
          -33.89833
        ]
      }
    },
    {
      "type": "Feature",
      "properties": {
        "name": "iConnect",
        "description": "Cell phone store",
        "address": "543A N Marine Corps Drive\nTamuning, 9613\nGuam",
        "hours": "Mon-Fri: 9:00 am – 6:00 pm\nSat-Sun: Closed",
        "phone_number": "671-888-8888",
        "website": "iconnectguam.com"
      },
      "geometry": {
        "type": "Point",
        "coordinates": [
          144.802993,
          13.503664
        ]
      }
    },
    {
      "type": "Feature",
      "properties": {
        "name": "Sunette towers",
        "description": "2-star hotel",
        "address": "Makati Ave\nMakati\n1210 Metro Manila\nPhilippines",
        "hours": "Open 24/7",
        "phone_number": "63 2 895 2726",
        "website": "sunette.com.ph"
      },
      "geometry": {
        "type": "Point",
        "coordinates": [
          121.029395,
          14.563942
        ]
      }
    },
    {
      "type": "Feature",
      "properties": {
        "name": "miningpuppets",
        "description": "Corporate office",
        "address": "C-03A-2 & C-03-2, Block C Plaza Glomac, Jalan SS 7/19, SS 7\n47301 Petaling Jaya, Selangor\nMalaysia.",
        "hours": "Mon-Sat: 10:30 am – 7:30 pm\nSun: Closed",
        "phone_number": "60 3-7886 7322",
        "website": "miningpuppets.com"
      },
      "geometry": {
        "type": "Point",
        "coordinates": [
          101.590289,
          3.099231
        ]
      }
    },
    {
      "type": "Feature",
      "properties": {
        "name": "Hillmyna Cafe",
        "description": "Cafe",
        "address": "33 5 Choeng Thale\nThalang District\nPhuket 83110\nThailand",
        "hours": "Sun-Fri: 7:00 am – 10:00 pm",
        "phone_number": "66 90 928 9408",
        "website": ""
      },
      "geometry": {
        "type": "Point",
        "coordinates": [
          98.300506,
          7.984788
        ]
      }
    },
    {
      "type": "Feature",
      "properties": {
        "name": "B-Coffee - Bui Vien",
        "description": "Cafe",
        "address": "74 Bui Vien, District 1\nHo Chi Minh City (Saigon)\nVietnam",
        "hours": "Open 24/7\n\n",
        "phone_number": "",
        "website": ""
      },
      "geometry": {
        "type": "Point",
        "coordinates": [
          106.690639,
          10.765803
        ]
      }
    },
    {
      "type": "Feature",
      "properties": {
        "name": "Italiani's Homemade Pizza",
        "description": "Pizza restaurant",
        "address": "290 Lý Tự Trọng\nBến Thành, Hồ Chí Minh\nVietnam",
        "hours": "Mon-Sun: 10:30 am – 10:00 pm",
        "phone_number": "84 93 191 27 50",
        "website": "https://www.facebook.com/Italianispizza/"
      },
      "geometry": {
        "type": "Point",
        "coordinates": [
          106.69343,
          10.771502
        ]
      }
    },
    {
      "type": "Feature",
      "properties": {
        "name": "Saigon Cafe",
        "description": "Cafe",
        "address": "2 An Phú Quận 2\nHồ Chí Minh\nVietnam",
        "hours": "Mon-Sun: 8:00 am – 10:00 pm",
        "phone_number": "",
        "website": ""
      },
      "geometry": {
        "type": "Point",
        "coordinates": [
          106.752552,
          10.805707
        ]
      }
    },
    {
      "type": "Feature",
      "properties": {
        "name": "B Coffee & Bar",
        "description": "Cafe",
        "address": "74 Bùi Viện Street,, Phạm Ngũ Lão Ward, Quận 1, Phường Phạm Ngũ Lão, \nHo Chi Minh City, Hồ Chí Minh, \nVietnam",
        "hours": "Open 24/7",
        "phone_number": "84 1900 2674",
        "website": ""
      },
      "geometry": {
        "type": "Point",
        "coordinates": [
          106.693446,
          10.76734
        ]
      }
    },
    {
      "type": "Feature",
      "properties": {
        "name": "BitMac - North Point",
        "description": "ATM",
        "address": "233 Electric Rd\nNorth Point\nHong Kong",
        "hours": "Open 24/7",
        "phone_number": "65 9864 9563",
        "website": "bitmac.org"
      },
      "geometry": {
        "type": "Point",
        "coordinates": [
          114.194704,
          22.290903
        ]
      }
    },
    {
      "type": "Feature",
      "properties": {
        "name": "Metro Sham Shui",
        "description": "Shopping mall",
        "address": "226-242 Cheung Sha Wan Rd\nSham Shui Po, Kowloon\nHong Kong",
        "hours": "Mon-Sun: 10:00 am – 10:00 pm",
        "phone_number": "852 3175 7511",
        "website": ""
      },
      "geometry": {
        "type": "Point",
        "coordinates": [
          114.161963,
          22.331386
        ]
      }
    },
    {
      "type": "Feature",
      "properties": {
        "name": "Genesis Block ATMs",
        "description": "ATM",
        "address": "G/F,\nHang Wai Industrial Centre,\n6 Kin Tai Street,\nTuen Mun,\nN.T.",
        "hours": "Open 24/7",
        "phone_number": "",
        "website": "\ngenesisblockhk.com"
      },
      "geometry": {
        "type": "Point",
        "coordinates": [
          113.970305,
          22.395995
        ]
      }
    },
    {
      "type": "Feature",
      "properties": {
        "name": "the Hive Sheung Wan",
        "description": "Coworking space",
        "address": "33-35 Hillier St\nSheung Wan\nHong Kong",
        "hours": "Mon-Fri: 8:00 am – 8:00 pm",
        "phone_number": "852 3460 5616",
        "website": "https://thehivesheungwan.com.hk/"
      },
      "geometry": {
        "type": "Point",
        "coordinates": [
          114.150949,
          22.284776
        ]
      }
    },
    {
      "type": "Feature",
      "properties": {
        "name": "New Capital Computer Plaza",
        "description": "Shopping mall",
        "address": "Shop 117, New Capital Computer Centre,\n85-95 Un Chau Street, Sham Shui Po, Kowloon\nHong Kong",
        "hours": "Mon-Sun: 12:00 pm – 8:00 pm",
        "phone_number": "852 2708 3886",
        "website": "nccp.hk"
      },
      "geometry": {
        "type": "Point",
        "coordinates": [
          114.162375,
          22.332772
        ]
      }
    },
    {
      "type": "Feature",
      "properties": {
        "name": "Mira Place One",
        "description": "Shopping mall",
        "address": "Shop 206, 2/F, Mira Place, 132 Nathan Rd\nTsim Sha Tsui\nHong Kong",
        "hours": "Mon-Sun: 12:00 – 9:00 pm",
        "phone_number": "852 2730 5300",
        "website": "miraplace.com.hk"
      },
      "geometry": {
        "type": "Point",
        "coordinates": [
          114.172183,
          22.300951
        ]
      }
    },
    {
      "type": "Feature",
      "properties": {
        "name": "Bitwork",
        "description": "Coworking space",
        "address": "Unit 01-04, 7/F, FTLife Tower, No. 18 Sheung Yuet Road\nKowloon Bay, Hong Kong\nHong Kong",
        "hours": "Mon-Fri: 9:00 – 18:00",
        "phone_number": "852 2376 5000",
        "website": "bitwork.asia"
      },
      "geometry": {
        "type": "Point",
        "coordinates": [
          114.210184,
          22.321666
        ]
      }
    },
    {
      "type": "Feature",
      "properties": {
        "name": "PMQ (Garden Meow)",
        "description": "Cafe",
        "address": "35 Aberdeen Street, HG01-HG05, G/F, Block B, PMQ\nHong Kong\nHong Kong",
        "hours": "Open 24/7",
        "phone_number": "852 2818 5438",
        "website": "https://garden-meow.business.site/"
      },
      "geometry": {
        "type": "Point",
        "coordinates": [
          114.152056,
          22.28332
        ]
      }
    },
    {
      "type": "Feature",
      "properties": {
        "name": "Tencent WeStart (Hong Kong)",
        "description": "Coworking space",
        "address": "75 Hung To Rd, 6/F, KOHO\nKwun Tong\nHong Kong",
        "hours": "Mon-Fri: 9:00 am – 7:00 pm",
        "phone_number": "852 2204 4388",
        "website": "westarthk.com"
      },
      "geometry": {
        "type": "Point",
        "coordinates": [
          114.224162,
          22.308868
        ]
      }
    },
    {
      "type": "Feature",
      "properties": {
        "name": "Lotus Modern Thai",
        "description": "Thai restaurant",
        "address": "5 Staunton Street\nSoho, Hong Kong\nHong Kong",
        "hours": "Open 24/7",
        "phone_number": "852 2543 6290",
        "website": ""
      },
      "geometry": {
        "type": "Point",
        "coordinates": [
          114.153228,
          22.281743
        ]
      }
    },
    {
      "type": "Feature",
      "properties": {
        "name": "Genesis Block Bitcoin ATM (Sheung Wan)",
        "description": "ATM",
        "address": "40-44 Bonham Strand\nSheung Wan\nHong Kong",
        "hours": "Mon-Sun: 8:00 am – 8:00 pm",
        "phone_number": "852 3996 9561",
        "website": "genesisblockhk.com"
      },
      "geometry": {
        "type": "Point",
        "coordinates": [
          114.151435,
          22.285689
        ]
      }
    },
    {
      "type": "Feature",
      "properties": {
        "name": "Cke Shopping Mall",
        "description": "Shopping mall",
        "address": "Cke shopping Mall\n36 Nathan Road\nTsim Sha Tsui",
        "hours": "Mon-Sun: 8:00 am – 11:30 pm",
        "phone_number": "852 2366 8806",
        "website": "cke.com.hk"
      },
      "geometry": {
        "type": "Point",
        "coordinates": [
          114.172753,
          22.296532
        ]
      }
    }
  ]
}
