{
  "type": "FeatureCollection",
  "features": [
    {
      "type": "Feature",
      "properties": {
        "name": "Premier Tecnologia",
        "description": "Computer store",
        "address": "Florida 537 - Piso 1 - Local 503\r\nCapital Federal, Buenos Aires C1005AAK\r\nArgentina",
        "hours": "Mon-Fri: 10:00 am – 6:00 pm\r\nSat: 10:00 am – 1:00 pm\r\nSun: Closed",
        "phone_number": "+54 11 2150-3275",
        "website": "https://www.premier.com.ar/"
      },
      "geometry": {
        "type": "Point",
        "coordinates": [
          -58.375371,
          -34.601196
        ]
      }
    },
    {
      "type": "Feature",
      "properties": {
        "name": "Espacio Bitcoin",
        "description": "Community center",
        "address": "Marcelo Torcuato de Alvear 405\r\nBuenos Aires\r\nArgentina",
        "hours": "Mon-Sun: 9:00 am – 5:00 pm",
        "phone_number": "+54 11 5352-1250",
        "website": "https://www.facebook.com/espaciobitcoin/"
      },
      "geometry": {
        "type": "Point",
        "coordinates": [
          -58.373285,
          -34.596114
        ]
      }
    },
    {
      "type": "Feature",
      "properties": {
        "name": "Recoleta Mall - 1st Floor",
        "description": "Shopping mall",
        "address": "Vicente Lopez 2050 Capital Federal\r\nBuenos Aires 1127\r\nArgentina",
        "hours": "Mon-Sun: 10:00 am – 10:00 pm",
        "phone_number": "+54 11 5296-5450",
        "website": "http://www.recoletamall.com.ar/"
      },
      "geometry": {
        "type": "Point",
        "coordinates": [
          -58.393923,
          -34.589021
        ]
      }
    },
    {
      "type": "Feature",
      "properties": {
        "name": "Walmart Constituyentes",
        "description": "Supermarket",
        "address": "Av. de los Constituyentes 6020\r\nBuenos Aires C1431\r\nArgentina",
        "hours": "Mon-Sun: 8:00 am – 10:00 pm",
        "phone_number": "+54 800-888-9256",
        "website": "https://www.walmart.com.ar/"
      },
      "geometry": {
        "type": "Point",
        "coordinates": [
          -58.50779,
          -34.572764
        ]
      }
    },
    {
      "type": "Feature",
      "properties": {
        "name": "Walmart San Fernando",
        "description": "Supermarket",
        "address": "Camino Bancalari S/N\r\nBuenos Aires B8002HGJ\r\nArgentina",
        "hours": "Mon-Sun: 8:00 am – 10:00 pm",
        "phone_number": "+54 800-888-9256",
        "website": "https://www.walmart.com.ar/"
      },
      "geometry": {
        "type": "Point",
        "coordinates": [
          -58.59868,
          -34.48255
        ]
      }
    },
    {
      "type": "Feature",
      "properties": {
        "name": "Walmart Avellaneda",
        "description": "Supermarket",
        "address": "Gral. Güemes 861, B1873 BOG\nBuenos Aires\nArgentina",
        "hours": "Mon-Sun: 8:00 am – 10:00 pm",
        "phone_number": "+54 800-888-9256",
        "website": "https://www.walmart.com.ar/"
      },
      "geometry": {
        "type": "Point",
        "coordinates": [
          -58.368045,
          -34.674399
        ]
      }
    },
    {
      "type": "Feature",
      "properties": {
        "name": "Walmart Pilar",
        "description": "Supermarket",
        "address": "Colectora Acceso Norte 51.500 (km 52)\r\nB1629 Pilar, Buenos Aires\r\nArgentina",
        "hours": "Mon-Sun: 8:00 am – 10:00 pm",
        "phone_number": "+54 800-888-9256",
        "website": "https://www.walmart.com.ar/"
      },
      "geometry": {
        "type": "Point",
        "coordinates": [
          -58.885946,
          -34.448698
        ]
      }
    },
    {
      "type": "Feature",
      "properties": {
        "name": "Maxi Kiosco 24 hs",
        "description": "Call shop",
        "address": "Av. Santa Fe 4838\r\nBuenos Aires\r\nArgentina",
        "hours": "Open 24/7",
        "phone_number": "+54 9 11 5763-0965",
        "website": ""
      },
      "geometry": {
        "type": "Point",
        "coordinates": [
          -58.428012,
          -34.577838
        ]
      }
    },
    {
      "type": "Feature",
      "properties": {
        "name": "Espacio Weiaut",
        "description": "Coworking space",
        "address": "BZU, Diagonal 74 1681\r\nLa Plata, Buenos Aires, B1900\r\nArgentina",
        "hours": "Mon-Tue: 7:30 am – 12:00 am\r\nWed: 9:00 am – 12:00 am\r\nThu: 7:30 am – 12:00 am\r\nFri: 7:30 am – 2:00 am\r\nSat: 9:00 am – 2:00 am\r\nSun: 9:00 am – 12:00 am",
        "phone_number": "+54 221 422-3231",
        "website": "https://www.weiaut.com/"
      },
      "geometry": {
        "type": "Point",
        "coordinates": [
          -57.954881,
          -34.919152
        ]
      }
    },
    {
      "type": "Feature",
      "properties": {
        "name": "Hotel O-Baires",
        "description": "3-star hotel",
        "address": "Paraguay 2925\r\nCapital Federal, Buenos Aires C1425BRI\r\nArgentina",
        "hours": "Open 24/7",
        "phone_number": "+54 11 2050-5148",
        "website": "https://www.o-baires.com/en-us"
      },
      "geometry": {
        "type": "Point",
        "coordinates": [
          -58.408624,
          -34.595984
        ]
      }
    },
    {
      "type": "Feature",
      "properties": {
        "name": "Euskal Herria Square",
        "description": "Shopping mall",
        "address": "Acceso Bancalari Benavidez, Av. Cnel. Escalada 1200\r\nLos Troncos del Talar, Buenos Aires B1617\r\nArgentina",
        "hours": "Mon-Wed: 7:00 – 23:00\r\nThu-Fri: 7:00 – 0:00\r\nSat: 8:00 – 0:00\r\nSun: 8:00 – 23:00",
        "phone_number": "",
        "website": "http://www.euskalherriaplaza.com/"
      },
      "geometry": {
        "type": "Point",
        "coordinates": [
          -58.612458,
          -34.464548
        ]
      }
    },
    {
      "type": "Feature",
      "properties": {
        "name": "Case & Covers",
        "description": "Cell phone accessory store",
        "address": "Avenida Garcilaso De la Vega 1358\r\nLima, 15001\r\nPeru",
        "hours": "Mon-Sat: 11:00 am – 8:00 pm",
        "phone_number": "+51 960 555 310",
        "website": "https://www.facebook.com/CaseCoverSmartphones/"
      },
      "geometry": {
        "type": "Point",
        "coordinates": [
          -77.038457,
          -12.057191
        ]
      }
    },
    {
      "type": "Feature",
      "properties": {
        "name": "Frisby Centro Comercial Diverplaza",
        "description": "Chicken restaurant",
        "address": "Transversal 99 #70A - 89 Alamos\r\nEngativá, Cundinamarca\r\nColombia",
        "hours": "Mon-Sat: 9:00 am – 8:00 pm\r\nSun: 10:00 am – 5:00 pm",
        "phone_number": "+57 301 5555555",
        "website": "https://frisby.com.co/"
      },
      "geometry": {
        "type": "Point",
        "coordinates": [
          -74.115602,
          4.700643
        ]
      }
    },
    {
      "type": "Feature",
      "properties": {
        "name": "Droguería Rochem",
        "description": "Corporate office",
        "address": "Carrear 4 #16-29\r\nBogota\r\nColombia",
        "hours": "Mon-Sat: 7:30 am – 10:00 pm\r\nSun: 10:00 am – 5:00 pm",
        "phone_number": "+57 1 7455954",
        "website": "https://www.rochembiocare.com/"
      },
      "geometry": {
        "type": "Point",
        "coordinates": [
          -74.112934,
          4.632499
        ]
      }
    },
    {
      "type": "Feature",
      "properties": {
        "name": "BTM/BOG Galerias",
        "description": "Shopping mall",
        "address": "Calle 53b #25-21\r\nBogota\r\nColombia",
        "hours": "Mon-Sat: 8:30 am – 9:30 am\r\nSun: 9:30 am – 8:00 pm",
        "phone_number": "+57-3507337465",
        "website": "http://www.galerias.com.co/"
      },
      "geometry": {
        "type": "Point",
        "coordinates": [
          -74.075014,
          4.64309
        ]
      }
    },
    {
      "type": "Feature",
      "properties": {
        "name": "Pasaje Comercial Zona In",
        "description": "Shopping mall",
        "address": "Calle 13 #65-21\r\nBogotá\r\nColombia",
        "hours": "Mon-Sat: 6:00 am – 9:00 pm\r\nSun: 9:00 am – 5:00 pm",
        "phone_number": "+57 1 7428383",
        "website": ""
      },
      "geometry": {
        "type": "Point",
        "coordinates": [
          -74.115594,
          4.634424
        ]
      }
    },
    {
      "type": "Feature",
      "properties": {
        "name": "Hotel Sonesta Bogotá",
        "description": "4-star hotel",
        "address": "Avenida Carrera 15ª # 125-26\r\nBogotá\r\nColombia",
        "hours": "Open 24/7",
        "phone_number": "+57 1 6585500",
        "website": "https://www.sonestabogota.com/"
      },
      "geometry": {
        "type": "Point",
        "coordinates": [
          -74.043566,
          4.703584
        ]
      }
    },
    {
      "type": "Feature",
      "properties": {
        "name": "Tienda Market Chico",
        "description": "Grocery store",
        "address": "Carrera 11 #94-05\r\nBogota, Cundinamarca 110221\r\nColombia",
        "hours": "Open 24/7",
        "phone_number": "-",
        "website": ""
      },
      "geometry": {
        "type": "Point",
        "coordinates": [
          -74.046227,
          4.677284
        ]
      }
    },
    {
      "type": "Feature",
      "properties": {
        "name": "Manga Cañaveral",
        "description": "Centro Comercial Cañaveral",
        "address": "Calle 30 #25-71\nFloridablanca, Santander\nColombia",
        "hours": "Mon-Sun: 7:00 am – 10:00 pm",
        "phone_number": "+57 7 6386769",
        "website": "https://canaveralcc.com/"
      },
      "geometry": {
        "type": "Point",
        "coordinates": [
          -73.106735,
          7.070891
        ]
      }
    },
    {
      "type": "Feature",
      "properties": {
        "name": "Gran Estación",
        "description": "Shopping mall",
        "address": "Cra. 60 #24-09\r\nBogotá\r\nColombia",
        "hours": "Mon-Sun: 9:00 am – 9:00 pm",
        "phone_number": "+57 310 6123658",
        "website": "http://www.granestacion.com.co/"
      },
      "geometry": {
        "type": "Point",
        "coordinates": [
          -74.103358,
          4.64634
        ]
      }
    },
    {
      "type": "Feature",
      "properties": {
        "name": "Tienda Market Pasadena",
        "description": "Supermarket",
        "address": "Calle 106 #578\r\nBogotá\r\nColumbien",
        "hours": "Mon-Sun: 9:00 am – 10:00 pm",
        "phone_number": "+57 1 2263937",
        "website": ""
      },
      "geometry": {
        "type": "Point",
        "coordinates": [
          -74.065617,
          4.694139
        ]
      }
    },
    {
      "type": "Feature",
      "properties": {
        "name": "LLeras Mall (Vape nubE)",
        "description": "Vaporizer store",
        "address": "Calle 9A # 38-26 Local 106, Parque Lleras\nMedellín\nColombia",
        "hours": "Mon-Sun: 9:00 am – 12:00 am",
        "phone_number": "-",
        "website": "https://www.vapenube.com"
      },
      "geometry": {
        "type": "Point",
        "coordinates": [
          -75.567927,
          6.209217
        ]
      }
    },
    {
      "type": "Feature",
      "properties": {
        "name": "Computex Bitcoin",
        "description": "ATM",
        "address": "calle 64 # 8-05 Bogota\nColombia, 110231",
        "hours": "Mon-Sat: 9:00 am – 8:00 pm\r\nSun: Closed",
        "phone_number": "+57 300 5742334",
        "website": "https://www.computex.com.co/"
      },
      "geometry": {
        "type": "Point",
        "coordinates": [
          -74.060566,
          4.649104
        ]
      }
    },
    {
      "type": "Feature",
      "properties": {
        "name": "Tarzam Video",
        "description": "Movie rental store",
        "address": "Carrera 51B # 84-185 Local 101B\nBarranquilla\nColombia",
        "hours": "Mon-Sun: 11:00 am – 9:00 pm",
        "phone_number": "+57 300 3038592",
        "website": "https://tar-zam.com/"
      },
      "geometry": {
        "type": "Point",
        "coordinates": [
          -74.819017,
          11.006461
        ]
      }
    },
    {
      "type": "Feature",
      "properties": {
        "name": "Mall Zone 2",
        "description": "Shopping Mall",
        "address": "Cra. 32 #2 Sur 47\nMedellín, Antioquia\nColombia",
        "hours": "Open 24/7",
        "phone_number": "+57 4 3662413",
        "website": ""
      },
      "geometry": {
        "type": "Point",
        "coordinates": [
          -75.556655,
          6.236974
        ]
      }
    },
    {
      "type": "Feature",
      "properties": {
        "name": "Centro Comercial Monterrey",
        "description": "Shopping mall",
        "address": "Cra. 48 #10 45\nMedellín, Antioquia\nColombia",
        "hours": "Mon-Sat: 10:00 am – 7:30 pm\r\nSun: 11:00 am – 5:00 pm",
        "phone_number": "+57 4 4440860",
        "website": "https://www.monterrey.com.co/home/"
      },
      "geometry": {
        "type": "Point",
        "coordinates": [
          -75.576351,
          6.214434
        ]
      }
    },
    {
      "type": "Feature",
      "properties": {
        "name": "Terminal Del Sur de frente MIMO's",
        "description": "Shopping mall",
        "address": "Carrera 65 #8B-91\r\nMedellin, Antioquia\r\nColombia",
        "hours": "Open 24/7",
        "phone_number": "+57 4 3611588",
        "website": "https://terminaldelsur.com/"
      },
      "geometry": {
        "type": "Point",
        "coordinates": [
          -75.586877,
          6.216323
        ]
      }
    },
    {
      "type": "Feature",
      "properties": {
        "name": "Pacific Mall",
        "description": "Shopping mall",
        "address": "Calle 36N #6A - 65\r\nCali, Valle\r\nColombia",
        "hours": "Mon-Sun: 8:30 am – 11:30 pm",
        "phone_number": "+57 2 3816373",
        "website": "http://www.pacificmall.com.co/"
      },
      "geometry": {
        "type": "Point",
        "coordinates": [
          -76.527841,
          3.474413
        ]
      }
    },
    {
      "type": "Feature",
      "properties": {
        "name": "Centro Comercial La Pasarela",
        "description": "Shopping mall",
        "address": "23DN-66/68, Av. 5a Nte\nCali, Valle del Cauca\nColombia",
        "hours": "Mon-Sat: 8:00 am – 6:30 pm",
        "phone_number": "+57 2 6677311",
        "website": ""
      },
      "geometry": {
        "type": "Point",
        "coordinates": [
          -76.527482,
          3.466193
        ]
      }
    },
    {
      "type": "Feature",
      "properties": {
        "name": "Centro Comercial Unicentro",
        "description": "Shopping mall",
        "address": "Cra. 100 #5-169\nCali, Valle del cauca, 760001\nColombia",
        "hours": "Open 24/7",
        "phone_number": "-",
        "website": "https://www.unicentro.com/"
      },
      "geometry": {
        "type": "Point",
        "coordinates": [
          -76.539435,
          3.374304
        ]
      }
    },
    {
      "type": "Feature",
      "properties": {
        "name": "Centro Comercial Centenario PH",
        "description": "",
        "address": "Avenida 4 Norte # 7 - 46 Y 64\nCali, Valle del cauca, 760001\nColombia",
        "hours": "Mon-Sun: 6:00 am – 9:00 pm",
        "phone_number": "+57 1 800 0935777",
        "website": "http://www.centenariocc.com/"
      },
      "geometry": {
        "type": "Point",
        "coordinates": [
          -76.5372,
          3.454082
        ]
      }
    },
    {
      "type": "Feature",
      "properties": {
        "name": "Local Store Aruba",
        "description": "Bar",
        "address": "Palm Beach 13A,\nPalm Beach\nAruba",
        "hours": "Mon-Thu: 12:00 – 23:00\r\nFri: 12:00 – 23:30\r\nSat: 8:00 – 23:30\r\nSun: 8:00 – 23:00",
        "phone_number": "+297 586 1414",
        "website": "http://www.localstorearuba.com/"
      },
      "geometry": {
        "type": "Point",
        "coordinates": [
          -70.039101,
          12.565677
        ]
      }
    }
  ]
}
